Name,Type,Group,Manufacturer,Requires,Actions,Functions,Action Time,Quantity,Weight,Volume,Fatigue,Guarantee,Superstition,RRP,Health,Health Max,Circulation,Connections,Contains,Contain Weight,Contain Volume,Contain Quantity,Contain Restrictions,Wears,Wear Weight,Wear Volume,Wear Quantity,Wear Restrictions,Description,For Sale,For Junk,Notes,Affect,Value,Affect,Value,Affect,Value,Affect,Value,Affect,Value,Affect,Value,Spread,Value,Spread,Value,Spread,Value,Spread,Value,Spread,Value
Universe,Faith,Medium,Unknown,Psychic,Medium|Receive,Psychic|Psy|Imbuing,1,-1,-1,-1,0,0,0,0,0,0,2,,,,,,Psytron,,,,,,Everything of this universe.,0,0,,,,,,,,,,,,,,,,,,,,,,,
Internet,Intelligence,Medium,Terran Government,Modem,Medium,Information,1,-1,-1,-1,0,0,0,0,0,0,0.3,,,,,,,,,,,,Cats in tubes.,0,0,,,,,,,,,,,,,,,,,,,,,,,
Atmosphere,Gas,Medium,Unknown,Speak|Hear|Respiration,Medium|Respiration,Speak,1,-1,-1,-1,0,0,0,0,0,0,0.1,,,,,,,,,,,,Respiration and conversing to another being.,0,0,,Oxygenated,30,,,,,,,,,,,,,,,,,,,,
Sea,Liquid,Medium,Unknown,Sonar|Hear|Respiration,Medium|Respiration,Sonar,1,-1,-1,-1,0,0,0,0,0,0,0.3,,,,,,,,,,,,"Salt water, lots of it.",0,0,,Oxygenated,5,,,,,,,,,,,,,,,,,,,,
Telecoil,Willpower,Medium,Terran Government,Concentration,Medium,Speak,1,-1,-1,-1,0,0,0,0,0,0,0.05,,,,,,,,,,,,Conversing in your mind to other beings.,0,0,,,,,,,,,,,,,,,,,,,,,,,
Telecomms,Willpower,Medium,Terran Government,Speak|Hear,Medium,Speak,1,-1,-1,-1,0,0,0,0,0,0,2,,,,,,,,,,,,Telecommunication services normally used in conjunction with mobile phones.,0,0,,,,,,,,,,,,,,,,,,,,,,,
,,,,,,,,,,,,,,,,,,,,,,,,,,,,,,,,,,,,,,,,,,,,,,,,,,,,,,
Heat,Wave,Affect,Energy,,,,1,0,0,0,0,0,0,0,0,0,1,,,,1,,Electron,,,,,,Infra red radiation waves,0,0,,Velocity 0,209700000,Velocity 152.4,209700000,,,,,,,,,,,,,,,,,,
Sound,Wave,Affect,Atmosphere,Hear,,,1,0,0,0,0,0,0,0,0,0,1,,,,1,,Electron,,,,,,A generic sound wave carried in an atmosphere.,0,0,,Velocity 0,523,Velocity 152.4,372,,,,,,,,,,,,,,,,,,
Gamma Radiation,Wave,Affect,Energy,,,,1,0,0,0,0,0,0,0,0,0,1,,,,1,,Electron,,,,,,Radioactive waves,0,0,,Velocity 0,209700000,Velocity 152.4,209700000,,,,,,,,,,,,,,,,,,
,,,,,,,,,,,,,,,,,,,,,,,,,,,,,,,,,,,,,,,,,,,,,,,,,,,,,,
Psy Field I,Construct,Affect,,,Feed,Impact|Psychic|Power,1,0,0,0,0,0,0,0,0,0,1,Universe,Psytron*1414372599041401,,,1414372599041400,Psytron,,,,,,Permiable energy field emitted by Psychic minds,0,0,,Psy Field,1,,,,,,,,,,,,,,,,,,,,
Shield I,Construct,Affect,,,Feed,Impact|Psychic|Power,1,0,0,0,0,0,0,0,0,0,1,Universe,Psytron*1414372599041401,,,1414372599041400,Psytron,,,,,,Energy equivelant to Type I Armour,0,0,,Health,1,,,,,,,,,,,,,,,,,,,,
Shield IIA,Construct,Affect,,,Feed,Impact|Psychic|Power,1,0,0,0,0,0,0,0,0,0,1,Universe,Psytron*11187960689119700,,,11187960689119700,Psytron,,,,,,Energy equivelant to Type IIA Armour,0,0,,Health,1,,,,,,,,,,,,,,,,,,,,
Shield II,Construct,Affect,,,Feed,Impact|Psychic|Power,1,0,0,0,0,0,0,0,0,0,1,Universe,Psytron*22046721351153400,,,22046721351153400,Psytron,,,,,,Energy equivelant to Type II Armour,0,0,,Health,1,,,,,,,,,,,,,,,,,,,,
Shield IIIA,Construct,Affect,,,Feed,Impact|Psychic|Power,1,0,0,0,0,0,0,0,0,0,1,Universe,Psytron*86405851472683900,,,86405851472683900,Psytron,,,,,,Energy equivelant to Type IIIA Armour,0,0,,Health,1,,,,,,,,,,,,,,,,,,,,
Shield III,Construct,Affect,,,Feed,Impact|Psychic|Power,1,0,0,0,0,0,0,0,0,0,1,Universe,Psytron*50040649629048500,,,50040649629048500,Psytron,,,,,,Energy equivelant to Type III Armour,0,0,,Health,1,,,,,,,,,,,,,,,,,,,,
Shield IV,Construct,Affect,,,Feed,Impact|Psychic|Power,1,0,0,0,0,0,0,0,0,0,1,Universe,Psytron*152286894277155000,,,152286894277155000,Psytron,,,,,,Energy equivelant to Type IV Armour,0,0,,Health,1,,,,,,,,,,,,,,,,,,,,
Shield L,Construct,Affect,,,Feed,Impact|Psychic|Power,1,0,0,0,0,0,0,0,0,0,1,Universe,Psytron*6100000000000,,,,Psytron,,,,,,Energy equivelant to Type L Armour,0,0,,Health,0.9,Radiation,0.1,,,,,,,,,,,,,,,,,,
Shield VA,Construct,Affect,,,Feed,Impact|Psychic|Power,1,0,0,0,0,0,0,0,0,0,1,Universe,Psytron*12200000000000,,,,Psytron,,,,,,Energy equivelant to Type VA Armour,0,0,,Health,0.9,Radiation,0.1,,,,,,,,,,,,,,,,,,
Shield V,Construct,Affect,,,Feed,Impact|Psychic|Power,1,0,0,0,0,0,0,0,0,0,1,Universe,Psytron*18200000000000,,,,Psytron,,,,,,Energy equivelant to Type V Armour,0,0,,Health,0.9,Radiation,0.1,,,,,,,,,,,,,,,,,,
Shield G I,Construct,Affect,,,Feed,Impact|Psychic|Power,1,0,0,0,0,0,0,0,0,0,1,Universe,Psytron* 6100000000000000000,,,6100000000000000000,Psytron,,,,,,Energy equivelant to Type G I Armour,0,0,,Health,0.2,Gravity,0.8,,,,,,,,,,,,,,,,,,
Shield G II,Construct,Affect,,,Feed,Impact|Psychic|Power,1,0,0,0,0,0,0,0,0,0,1,Universe,Psytron*12444000000000000000,,,12444000000000000000,Psytron,,,,,,Energy equivelant to Type G II Armour,0,0,,Health,0.2,Gravity,0.8,,,,,,,,,,,,,,,,,,
Shield G IV,Construct,Affect,,,Feed,Impact|Psychic|Power,1,0,0,0,0,0,0,0,0,0,1,Universe,Psytron*40870000000000000000,,,40870000000000000000,Psytron,,,,,,Energy equivelant to Type G IV Armour,0,0,,Health,0.2,Gravity,0.8,,,,,,,,,,,,,,,,,,
Shield G VI,Construct,Affect,,,Feed,Impact|Psychic|Power,1,0,0,0,0,0,0,0,0,0,1,Universe,Psytron*122000000000000000000,,,122000000000000000000,Psytron,,,,,,Energy equivelant to Type G VI Armour,0,0,,Health,0.2,Gravity,0.8,,,,,,,,,,,,,,,,,,
Shield D I,Construct,Affect,,,Feed,Impact|Psychic|Power,1,0,0,0,0,0,0,0,0,0,1,Universe,Psytron*83570000000000000000,,,83570000000000000000,Psytron,,,,,,Energy equivelant to Type D I Armour,0,0,,Health,0.8,Dark Energy,0.2,,,,,,,,,,,,,,,,,,
Shield D III,Construct,Affect,,,Feed,Impact|Psychic|Power,1,0,0,0,0,0,0,0,0,0,1,Universe,Psytron*254370000000000000000,,,254370000000000000000,Psytron,,,,,,Energy equivelant to Type D III Armour,0,0,,Health,0.8,Dark Energy,0.2,,,,,,,,,,,,,,,,,,
LowEnergyWave Sield I,Protection,Affect,,,Feed,Impact|Power,1,0,0,0,0,0,0,0,0,0,1,Universe,Electron*50040649629048500,,,50040649629048500,Electron,,,,,,Energy radiation shield Type I,0,0,,Electromagnetic,0.3,Light,0.4,Heat,0.3,,,,,,,,,,,,,,,,
Type I,Protection,Affect,,,,Impact,1,0,0,0,0,6,0,260,128,128,1,,,,,,,,,,,,Type I Armour,0,0,,,,,,,,,,,,,,,,,,,,,,,
Type IIA,Protection,Affect,,,,Impact,1,0,0,0,0,18,0,1061,353,353,1,,,,,,,,,,,,Type IIA Armour,0,0,,,,,,,,,,,,,,,,,,,,,,,
Type II,Protection,Affect,,,,Impact,1,0,0,0,0,33,0,3008,632,632,1,,,,,,,,,,,,Type II Armour,0,0,,,,,,,,,,,,,,,,,,,,,,,
Type IIIA,Protection,Affect,,,,Impact,1,0,0,0,0,62,0,8556,1150,1150,1,,,,,,,,,,,,Type IIIA Armour,0,0,,,,,,,,,,,,,,,,,,,,,,,
Type III,Protection,Affect,,,,Impact,1,0,0,0,0,78,0,19219,1429,1429,1,,,,,,,,,,,,Type III Armour,0,0,,,,,,,,,,,,,,,,,,,,,,,
Type IV,Protection,Affect,,,,Impact,1,0,0,0,0,85,0,57724,2843,2843,1,,,,,,,,,,,,Type IV Armour,0,0,,,,,,,,,,,,,,,,,,,,,,,
,,,,,,,,,,,,,,,,,,,,,,,,,,,,,,,,,,,,,,,,,,,,,,,,,,,,,,
Credit,‚Ç°,Currency,Terran Government,,,Payment,1,1,0,0,0,0,0,1,0,0,1,,,,,,,,,,,,Currency of Terra,1,0,,,,,,,,,,,,,,,,,,,,,,,
Electron,Electric,Energy,Universe,,,Power,1,1,0.000000000000000000000000000000911,0,0,0,0,0.0000001,0,0,1,,,,,,,,,,,,Base form of energy in the universe,1,0,,,,,,,,,,,,,,,,,,,,,,,
Psytron,Psychic,Energy,Universe,,,Power,1,1,0.000000000000000000000000000000911,0,0,0,0,0.0000001,0,0,1,,,,,,,,,,,,Psychic energy in physical form,1,0,,,,,,,,,,,,,,,,,,,,,,,
PsyCell,Battery,Utility,Hungtai Corp,Manipulation,Feed,Receive,1,1,0.05,0.006,0,10,0,161,0,0,1.85,,Psytron*181440000,,,181440000,Psytron,,,,,,Battery containing psychic energy,1,0,,,,,,,,,,,,,,Psytron,1.85,,,,,,,,
,,,,,,,,,,,,,,,,,,,,,,,,,,,,,,,,,,,,,,,,,,,,,,,,,,,,,,
Imbuing,Construct,Affect,,,,Imbue,1,0,0,0,0,0,0,0,0,0,1,,,,,,,,,,,,Effective Imbuing assistance capacity,1,0,,Imbue,13,,,,,,,,,,,,,,,,,,,,
Psyfiller Oneüèµ,Generators,Utility,Hungtai Corp,Manipulation,,,32400,1,2.4,0.01,0,200,0,93600,1200,1200,1,PsyCell|PsyCell|PsyCell|PsyCell|Imbuing,,,,,,,,,,,Tool to assist in Imbuing items,1,0,,Waste,Heat,,,,,,,,,,,,,,,,,,,,
MediPlaster,Pharmaceutical,Affect,DSW,,Manipulation,Health,120000,0,0.001,0.0002,0,2,0,10,1,1,1,,,,,,,,,,,,Medical aid for moderate abrasions,0,0,,Health,15,Bacterial,-9,Reflex,-0.04,Endurance,0.16,,,,,,,,,,,,,,
Medical Plaster,Pharmaceutical,Medical,DSW,Manipulation,Manipulation,Manipulation,1,1,0.01,0.002,0,20,0,115,20,20,1,,MediPlaster*9,,,10,MediPlaster,,,,,,,1,0,,,,,,,,,,,,,,,,,,,,,,,
Pierce .22 JWT,Pierce,Affect,,,,Impact,1,0,0,0,0,0,0,0,0,0,1,,,,,,,,,,,,,0,0,,Health,-16,Bacterial,-0.5,Strength,-0.21,Endurance,-0.24,,,,,,,,,,,,,,
Pierce .50 AE,Pierce,Affect,,,,Impact,1,0,0,0,0,0,0,0,0,0,1,,,,,,,,,,,,,0,0,,Health,-161,Bacterial,-1.2,Strength,-0.32,Endurance,-0.32,,,,,,,,,,,,,,
.50 AE,Small Arms,Bullet,DSW,Manipulation,Impact,Manipulation,5,1,0.0019,0.001,0,10,0,150,0,0,1,Pierce .50 AE,,,,,,,,,,,,1,0,,Velocity 0,438,Velocity 152.4,233,Waste,Sound:0.9|Heat:0.1,Radiation,Sound:160|Heat:76,,,,,,,,,,,,,,
,,,,,,,,,,,,,,,,,,,,,,,,,,,,,,,,,,,,,,,,,,,,,,,,,,,,,,
Psy Target,Psy,Construct,Character,Psychic,Accuracy,Firing,1,0,0,0,0,0,0,0,0,0,2,,,,,,,,,,,,Psychic targeting construct directing actions towards,0,0,,,,,,,,,,,,,,,,,,,,,,,
Psy Potential,Psy,Construct,Character,Psychic,Feed,Receive|Psy Charge,1,0,0,0,0,0,0,0,0,0,2,,,0.1,0.1,,Psytron,,,,,,Potential psychic energy,0,0,,Pattern,1,Limit,1000000,,,,,,,,,,,,,,,,,,
,,,,,,,,,,,,,,,,,,,,,,,,,,,,,,,,,,,,,,,,,,,,,,,,,,,,,,
Barrier,Construct,Affect,Character,Construct,,,1,0,18,0.05,0,1,1,0,1,1,2,,,,,1617732793800000000,Psytron,,,,,,Basic construct to manifest a mass used as a barrier where the character needs,0,0,A negative value at ‚ÄòVelocity 152.4‚Äô will direct a distance limit to the objects projection.,Velocity 0,50,Velocity 152.4,1,,,,,,,,,,,,,,,,,,
Body: Head (Soul Slot),Construct,Affect,Character,Construct,,Psy Charge|Bind Soul,1,0,1.2,0.3,0,1,1,0,1,1,2,,,,,107848852920000000,Psytron,,,,,,Psychic body manifestation able to bind a Soul to a connected construct.,0,0,,Soul,1,,,,,,,,,,,,,,,,,,,,
Body: Chibi,Construct,Affect,Character,Construct,,,1,0,23,1,0,1,1,0,1,1,2,,,,,2067103014300000000,Psytron,,,,,,A body built for cute familiars to support the character,0,0,,,,,,,,,,,,,,,,,,,,,,,
Chibi Buddha,Construct,Affect,Character,Construct,,Psy Charge|Construct,1,0,4,0.1,0,1,1,0,1,1,2,Body: Chibi|Body: Head (Soul Slot),,,,359496176400000000,Psytron,,,,,,Wise depiction of the enlightened Buddha,0,0,,,,,,,,,,,,,,,,,,,,,,,
,,,,,,,,,,,,,,,,,,,,,,,,,,,,,,,,,,,,,,,,,,,,,,,,,,,,,,
Ice Freeze,Construct,Affect,Character,Thermokinesis,,,1,0,0,0,0,0,0,0,0,0,1,,,,,3000000,Psytron,,,,,,Freeze a target for that fresh packed flavour,0,0,,Freeze,-10,Strength,-0.1,Reflex,-0.2,,,,,,,,,,,,,,,,
Sub Kelvin,Construct,Affect,Character,Thermokinesis,,,1,0,0,0,0,0,0,0,0,0,1,,,,,254370000000000000000,Psytron,,,,,,Below 0 Kelvin,0,0,,Freeze,-290,Strength,-1,Reflex,-1,,,,,,,,,,,,,,,,
Ice Spike,Construct,Bullet,Character,Construct,Impact,,1,1,0.00029,0.0008,0,1,1,0,1,1,2,Pierce .22 JWT|Ice Freeze,,,,26063472789000,Psytron,,,,,,Ice projectile to add velocity to and Impact others,0,0,,Velocity 0,329,Velocity 152.4,158,,,,,,,,,,,,,,,,,,
Ice Spikes,Construct,Telekinesis,Character,Manipulation,Project|Receive,Accuracy|Project|Feed|Psy Charge|Construct,300,1,0.0001,0,0,0,1,0,1,1,2,Psy Target|Ice Spike,,,,26063475789000,Psytron|Ice Spike*30,,,,,,Psychic ability to project Ice Spikes at targets,0,0,,Modes,Single|Repeat,Default,Single,Default Action,Firing,Single,210,Repeat,154,,,,,,,,,,,,
,,,,,,,,,,,,,,,,,,,,,,,,,,,,,,,,,,,,,,,,,,,,,,,,,,,,,,
Deasert Eagle Body,Small Arms,Mass,DSW,,Receive,Cock,1,0,0,0,0,0,0,970,1000,1000,1.8,,,,,,,,,,,,Base body for a Deasert Eagle,1,0,,,,,,,,,,,,,,,,,,,,,,,
Deasert Eagle Barrel .50,Small Arms,Mass,DSW,,Project|Cock,Accuracy|Project|Feed,1,0,0,0,0,0,0,800,500,500,1.8,,.50 AE,,,1,.50 AE,,,,,,.50 calibre barrel for a Dessert Eagle,1,0,,Single,330,Triple,300,Repeat,300,,,,,,,,,,,,,,,,
.50 Silencer,Small Arms,Mass,DSW,,Radiation,Radiation|Attachment,1,0,0,0,0,0,0,750,200,200,1.8,,,,,,,,,,,,Reduces waste sound in decibels for a .50 calibre barrel,1,0,,Radiation,Sound:-97,,,,,,,,,,,,,,,,,,,,
Deasert Eagle Barrel .50 Custom,Small Arms,Mass,DSW,,Project|Cock,Accuracy|Project|Feed|Attachment,1,0,0,0,0,0,0,800,500,500,1.8,.50 Silencer,.50 AE,,,1,.50 AE,,,,,,Custom bored .50 calibre barrel to allow a silencer,1,0,,Single,330,Triple,300,Repeat,300,Limit,1,,,,,,,,,,,,,,
Deasert Eagle Bolt,Small Arms,Vital,DSW,,Accuracy,Firing,1,0,0,0,0,0,0,350,150,150,1.8,,,,,,,,,,,,Firing bolt for Deasert Eagle form factor,1,0,,,,,,,,,,,,,,,,,,,,,,,
Deasert Eagle Magazine,Small Arms,Container,DSW,,Feed,Reload|Receive,1,0,0,0,0,0,0,300,50,50,1.8,,.50 AE*6,,,7,.50 AE,,,,,,.50 calibre magazine for Deasert Eagle,1,0,,Reload,2500,Reload Min,1750,,,,,,,,,,,,,,,,,,
Deasert Eagle,Pistols,Small Arms,DSW,Manipulation,,Manipulation,100,1,2,0.375,0,1850,0,4679,,,1.8,Deasert Eagle Body|Deasert Eagle Barrel .50 Custom|Deasert Eagle Bolt|Deasert Eagle Magazine,,,,,,,,,,,Retro semi-automatic gas action Deasert Eagle.,1,0,,Modes,Single|Triple|Repeat,Default,Single,Default Action,Firing,,,,,,,,,,,,,,,,
,,,,,,,,,,,,,,,,,,,,,,,,,,,,,,,,,,,,,,,,,,,,,,,,,,,,,,
Detonator 5s,Explosive Deployment,Explosives,DSW,,Time,Prime|Time,4998,0,0.1,0.006,0,0,0,327,100,100,1,,,,,,,,,,,,Detonator set with a 5 second fuse,1,0,,Default,Explode,,,,,,,,,,,,,,,,,,,,
Explosive Mix MkXX,Exothermic Compound,Explosives,DSW,,,Explode,1,0,0.21,0.0076,0,0,0,822,100,100,1,,,,,,,,,,,,Explosive compound with and high energy per weight ratio,1,0,,,,,,,,,,,,,,,,,,,,,,,
Frag Grenade MkXXI,Grenades,Thrown,DSW,Manipulation,,Manipulation,5000,1,0.27,0.0082,0,1,0,1244,100,100,1,Explosive Mix MkXX|Detonator 5s,,,,,,,,,,,Grenade with fragmentation cast shell,1,0,,Default Action,Prime,,,,,,,,,,,,,,,,,,,,
,,,,,,,,,,,,,,,,,,,,,,,,,,,,,,,,,,,,,,,,,,,,,,,,,,,,,,
Armoured Vest Body,Armour,Assembly,DSW,,,,1,0,0,0,0,0,0,450,108,108,2,Type I,,,,,,,,,,,Basic vest body for minimal protection,1,0,,,,,,,,,,,,,,,,,,,,,,,
Armoured Vest Camouflage,Armour,Decoration,DSW,,,Decoration,1,0,0,0,0,0,0,50,0,0,2,,,,,,,,,,,,Urbanised military decoration,1,0,,,,,,,,,,,,,,,,,,,,,,,
Armoured Vest,Armour,Torso Upper,DSW,Body,,Manipulation|Torso Upper,600000,1,2.72,0.04,0,108,0,626,0,0,2,Armoured Vest Body|Armoured Vest Camouflage,,,,,,,,,,,Standard vest for security work,1,0,,,,,,,,,,,,,,,,,,,,,,,
,,,,,,,,,,,,,,,,,,,,,,,,,,,,,,,,,,,,,,,,,,,,,,,,,,,,,,
Regeneration,,Affect,,,,Health,,,,,,,,,1,1,1,,,,,,,,,,,,,0,0,,Strength,-0.1,Endurance,-0.1,Health,1,,,,,,,,,,,,,,,,
Energise,,Affect,,,,Energise,,,,,,,,,1,1,1,,,,,,,,,,,,,0,0,,Dexterity,-0.1,Belief,-0.1,Energy,1,,,,,,,,,,,,,,,,
Concentration,,Affect,,,,Focus,,,,,,,,,1,1,1,,,,,,,,,,,,,0,0,,Willpower,-0.1,Concentration,1,,,,,,,,,,,,,,,,,,
Relax,,Affect,,,,Rest,,,,,,,,,1,1,1,,,,,,,,,,,,,0,0,,Reflex,-0.1,Fatigue,1,,,,,,,,,,,,,,,,,,
Childbirth,,Affect,,,,Pregnancy,,,,,,,,,1,1,1,,,,,1,,,,,,,,0,0,,,,,,,,,,,,,,,,,,,,,,,
Lactation,,Affect,,,,Post Natal,,,,,,,,,1,1,1,,,,,,,,,,,,,0,0,,,,,,,,,,,,,,,,,,,,,,,
,,,,,,,,,,,,,,,,,,,,,,,,,,,,,,,,,,,,,,,,,,,,,,,,,,,,,,
TrueColr,Sensor,Affect,,,,Reflex|See,,,,,,,,,1,1,1,,,,,,,,,,,,,0,0,,Default,Colour Correction,,,,,,,,,,,,,,,,,,,,
TerraNet,Sensor,Affect,,,,Information,,,,,,,,,1,1,1,,,,,,,,,,,,,0,0,,Default,Wireless network,,,,,,,,,,,,,,,,,,,,
,,,,,,,,,,,,,,,,,,,,,,,,,,,,,,,,,,,,,,,,,,,,,,,,,,,,,,
Brain,Vital,Internal,Organic,,Concentration,Dexterity:0.6|Willpower|Intelligence|Concentration|Immune,,,1.2,,,,,,500,500,1.5,Head|MotorNeural Cortex,,,,,,,,,,,,0,0,,,,,,,,,,,,,,,,,,,,,,,
MotorNeural Cortex,Mass,Internal,Organic,,Movement|Manipulation,Immune,,,,,,,,,100,100,2,Brain,,,,,,,,,,,,0,0,,,,,,,,,,,,,,,,,,,,,,,
Heart,Vital,Internal,Organic,,Metabolise,Reflex|Endurance|Metabolism|Circulation|Immune,,,,,,,,,400,400,1,Body,,,,,,,,,,,,0,0,,,,,,,,,,,,,,,,,,,,,,,
Kidneys,Vital,Internal,Organic,,Waste,Waste|Immune,,,,,,,,,200,200,1,Body,,,,,,,,,,,,0,0,,,,,,,,,,,,,,,,,,,,,,,
Liver,Vital,Internal,Organic,,Waste,Waste|Immune,,,,,,,,,400,400,1,Body,,,,,,,,,,,,0,0,,,,,,,,,,,,,,,,,,,,,,,
Lungs,Vital,Internal,Organic,Atmosphere,Respiration|Metabolism,Strength|Reflex|Respiration|Immune,,,,,,,,,500,500,1,Body,,,,,,,,,,,,0,0,,,,,,,,,,,,,,,,,,,,,,,
Right Arm,Limb,Arm,Organic,,Articulate,Strength|Endurance|Immune,,,8,,,,,,800,800,0.95,Body|Right Hand,,,,,,,,,2,Arm Armour,,0,0,,,,,,,,,,,,,,,,,,,,,,,
Right Wing,Wing,Arm,Organic,,Flight,Strength|Endurance|Flight|Immune,,,5,,,,,,800,800,0.7,Body|Right Hand,,,,,,,,,1,Arm Armour,,0,0,,,,,,,,,,,,,,,,,,,,,,,
Right Hand,Hand,Hand,Organic,,Manipulation|Impact,Strength|Reflex|Dexterity|Manipulation|Immune,,,0.9,,,,,,200,200,0.9,Right Arm,,,,1,Manipulation,,,0.005,6,Ring|Bracelet,,0,0,,,,,,,,,,,,,,,,,,,,,,,
Left Arm,Limb,Arm,Organic,,Articulate,Strength|Endurance|Immune,,,8,,,,,,800,800,0.95,Body|Left Hand,,,,,,,,,2,Arm Armour,,0,0,,,,,,,,,,,,,,,,,,,,,,,
Left Wing,Wing,Arm,Organic,,Flight,Strength|Endurance|Flight|Immune,,,5,,,,,,800,800,0.7,Body|Left Hand,,,,,,,,,1,Arm Armour,,0,0,,,,,,,,,,,,,,,,,,,,,,,
Left Hand,Hand,Hand,Organic,,Manipulation|Impact,Strength|Reflex|Dexterity|Manipulation|Immune,,,0.9,,,,,,200,200,0.9,Left Arm,,,,1,Manipulation,,,0.005,6,Ring|Bracelet,,0,0,,,,,,,,,,,,,,,,,,,,,,,
Right Leg,Limb,Leg,Organic,,Articulate,Strength|Reflex|Endurance|Movement|Immune,,,14,,,,,,800,800,0.95,Pelvis|Right Foot,,,,,,,,,2,Leg Armour,,0,0,,,,,,,,,,,,,,,,,,,,,,,
Right Foot,Foot,Foot,Organic,,Movement|Impact,Strength|Reflex|Movement|Immune,,,1.2,,,,,,200,200,0.9,Right Leg,,,,,,,,,1,Footwear,,0,0,,,,,,,,,,,,,,,,,,,,,,,
Left Leg,Limb,Leg,Organic,,Articulate,Strength|Reflex|Endurance|Movement|Immune,,,14,,,,,,800,800,0.95,Pelvis|Left Foot,,,,,,,,,2,Leg Armour,,0,0,,,,,,,,,,,,,,,,,,,,,,,
Left Foot,Foot,Foot,Organic,,Movement|Impact,Strength|Reflex|Movement|Immune,,,1.2,,,,,,200,200,0.9,Left Leg,,,,,,,,,1,Footwear,,0,0,,,,,,,,,,,,,,,,,,,,,,,
Head,Mass,Head,Organic,,Mass,Looks|Charm|Immune,,,1.4,,,,,,500,500,1,Brain|Right Eye|Left Eye|Right Ear|Left Ear|Nose|Mouth|Body,,,,,,,,0.005,1,Necklace,,0,0,,,,,,,,,,,,,,,,,,,,,,,
Body,Mass,Torso Upper,Organic,,Mass,Metabolism|Endurance|Immune,,,26,,,,,,1000,1000,1,Head|Pelvis|Right Arm|Left Arm|Heart|Kidneys|Liver|Lungs|Immune,,,,,,,,0.1,3,Torso Upper,,0,0,,,,,,,,,,,,,,,,,,,,,,,
Pelvis,Mass,Torso Lower,Organic,,Mass,Metabolism|Endurance|Immune,,,15,,,,,,1000,1000,1,Body|Right Leg|Left Leg,,,,,,,,,2,Pants|Cup,,0,0,,,,,,,,,,,,,,,,,,,,,,,
Immune,Sensor,Internal,Organic,,Regneration,White Blood Cells|Platelets|Endurance|Metabolism|Regneration|Immune,,,,,,,,,500,500,0.3,Body,,,,,,,,,,,,0,0,,,,,,,,,,,,,,,,,,,,,,,
Right Ear,Sensor,Ear,Organic,,Hear,Reflex|Hear|Immune,,,,,,,,,20,20,1.9,Head,,,,,,,,0.002,1,Ear Ring,,0,0,,,,,,,,,,,,,,,,,,,,,,,
Left Ear,Sensor,Ear,Organic,,Hear,Reflex|Hear|Immune,,,,,,,,,20,20,1.9,Head,,,,,,,,0.002,1,Ear Ring,,0,0,,,,,,,,,,,,,,,,,,,,,,,
Right Eye,Sensor,Eye,Organic,,See,Reflex|See|Immune,,,,,,,,,20,20,1.7,Head,,,,,,,,,,,,0,0,,,,,,,,,,,,,,,,,,,,,,,
Left Eye,Sensor,Eye,Organic,,See,Reflex|See|Immune,,,,,,,,,20,20,1.7,Head,,,,,,,,,,,,0,0,,,,,,,,,,,,,,,,,,,,,,,
Bionet Link,Sensor,Internal,Organic,,Data,Information|Modem,,,,,,,,,20,20,1.2,Head|Bionet Link,,,,,,,,,,,,0,0,,,,,,,,,,,,,,,,,,,,,,,
Mouth,Sensor,Mouth,Organic,,Speak,Speak|Immune,,,,,,,,,20,20,1.2,Head,,,,,,,,0.0005,1,Piercing,,0,0,,,,,,,,,,,,,,,,,,,,,,,
Nose,Sensor,Nose,Organic,,Smell,Smell|Immune,,,,,,,,,20,20,1.4,Head,,,,,,,,0.0005,1,Piercing,,0,0,,,,,,,,,,,,,,,,,,,,,,,
,,,,,,,,,,,,,,,,,,,,,,,,,,,,,,,,,,,,,,,,,,,,,,,,,,,,,,
Human Brain,Vital,Internal,Organic,,Concentration,Dexterity|Willpower|Intelligence|Concentration|Immune,,,1.2,,,,,,500,500,1.5,Head|MotorNeural Cortex,,,,,,,,,,,,0,0,,Replaces,Brain,,,,,,,,,,,,,,,,,,,,
Human Male,Humanoid,Mammal,Terra,,,,,,,,,,,,,,2,Human Brain|Regeneration|Energise|Concentration|Relax,,,,,,,,,,,,0,0,,,,,,,,,,,,,,,,,,,,,,,
Human Female,Humanoid,Mammal,Terra,,,,,,,,,,,,,,2,Human Brain|Regeneration|Energise|Concentration|Relax|Childbirth|Lactation,,,,,,,,,,,,0,0,,,,,,,,,,,,,,,,,,,,,,,
Human SheMale,Humanoid,Mammal,Terra,,,,,,,,,,,,,,2,Human Brain|Regeneration|Energise|Concentration|Relax,,,,,,,,,,,,0,0,,,,,,,,,,,,,,,,,,,,,,,
Human HeFemale,Humanoid,Mammal,Terra,,,,,,,,,,,,,,2,Human Brain|Regeneration|Energise|Concentration|Relax|Lactation,,,,,,,,,,,,0,0,,,,,,,,,,,,,,,,,,,,,,,
,,,,,,,,,,,,,,,,,,,,,,,,,,,,,,,,,,,,,,,,,,,,,,,,,,,,,,
Neku Brain,Vital,Internal,Organic,,Concentration,Dexterity:1.1|Willpower|Intelligence|Concentration|Immune,,,1.2,,,,,,500,500,1.6,Neku Head|MotorNeural Cortex,,,,,,,,,,,,0,0,,Replaces,Brain,,,,,,,,,,,,,,,,,,,,
Neku Head,Mass,Head,Organic,,Mass,Looks|Charm|Immune,,,1.4,,,,,,500,500,1.1,Neku Brain|Right Eye|Left Eye|Right Ear|Left Ear|Nose|Mouth|Body,,,,,,,,0.005,1,Necklace,,0,0,,Replaces,Head,,,,,,,,,,,,,,,,,,,,
Neku Male,Humanoid,Mammal,Nipu,,,,,,,,,,,,,,2,Neku Brain|Regeneration|Energise|Concentration|Relax,,,,,,,,,,,,0,0,,,,,,,,,,,,,,,,,,,,,,,
Neku Female,Humanoid,Mammal,Nipu,,,,,,,,,,,,,,2,Neku Brain|Regeneration|Energise|Concentration|Relax|Childbirth|Lactation,,,,,,,,,,,,0,0,,,,,,,,,,,,,,,,,,,,,,,
Neku SheMale,Humanoid,Mammal,Nipu,,,,,,,,,,,,,,2,Neku Brain|Regeneration|Energise|Concentration|Relax,,,,,,,,,,,,0,0,,,,,,,,,,,,,,,,,,,,,,,
Neku HeFemale,Humanoid,Mammal,Nipu,,,,,,,,,,,,,,2,Neku Brain|Regeneration|Energise|Concentration|Relax|Lactation,,,,,,,,,,,,0,0,,,,,,,,,,,,,,,,,,,,,,,
,,,,,,,,,,,,,,,,,,,,,,,,,,,,,,,,,,,,,,,,,,,,,,,,,,,,,,
Chirota Brain,Vital,Internal,Organic,,Concentration,Dexterity|Willpower|Intelligence1.1|Concentration|Immune,,,1.2,,,,,,500,500,1.5,Chirota Head|MotorNeural Cortex,,,,,,,,,,,,0,0,,Replaces,Brain,,,,,,,,,,,,,,,,,,,,
Chirota Head,Mass,Head,Organic,,Mass,Looks|Charm|Immune,,,1.4,,,,,,500,500,1,Chirota Brain|Right Eye|Left Eye|Right Ear|Left Ear|Nose|Mouth|Chirota Body,,,,,,,,0.005,1,Necklace,,0,0,,Replaces,Head,,,,,,,,,,,,,,,,,,,,
Chirota Body,Mass,Torso Upper,Organic,,Mass,Metabolism|Endurance|Immune,,,26,,,,,,1000,1000,1,Chirota Head|Pelvis|Right Wing|Left Wing|Heart|Kidneys|Liver|Lungs|Immune,,,,,,,,0.1,3,Torso Upper,,0,0,,Replaces,Body,,,,,,,,,,,,,,,,,,,,
Chirota Male,Humanoid,Mammal,Kadra,,,,,,,,,,,,,,2,Chirota Brain|Regeneration|Energise|Concentration|Relax,,,,,,,,,,,,0,0,,,,,,,,,,,,,,,,,,,,,,,
Chirota Female,Humanoid,Mammal,Kadra,,,,,,,,,,,,,,2,Chirota Brain|Regeneration|Energise|Concentration|Relax|Childbirth|Lactation,,,,,,,,,,,,0,0,,,,,,,,,,,,,,,,,,,,,,,
,,,,,,,,,,,,,,,,,,,,,,,,,,,,,,,,,,,,,,,,,,,,,,,,,,,,,,
Sex Tape,Video,Leverage,,0|1|2|0|0|-1,,Adultery|Erotophobia|Genophobia,1200000,1,0,0,0,1,1,6000,1,1,1,,,,,,,,,,,,,0,0,,Demand,-0.4,Sale,0.25,Jail,0,,,,,,,,,,,,,,,,
Sex Tape (Animal Farm),Video,Leverage,,0|1|0|0|0|2,,Beastiality|Zoophobia|Genophobia,1200000,1,0,0,0,1,1,9000,1,1,1,,,,,,,,,,,,,0,0,,Demand,-0.7,Sale,0.4,Jail,0.3,,,,,,,,,,,,,,,,
Sex Tape (kinder),Video,Leverage,,-2|1|0|0|0|1,,Paedophilia|Pedophobia|Genophobia,1200000,1,0,0,0,1,1,46000,1,1,1,,,,,,,,,,,,,0,0,,Demand,-0.9,Sale,0.7,Jail,8,,,,,,,,,,,,,,,,
,,,,,,,,,,,,,,,,,,,,,,,,,,,,,,,,,,,,,,,,,,,,,,,,,,,,,,
Psychic Human Brain,Vital,Internal,Organic,,Concentration|Feed,Dexterity|Willpower|Intelligence|Psychic1.2|Receive|Concentration|Immune,,,1.2,,,,,,500,500,1.5,Head|MotorNeural Cortex,,0.1,0.1,,Psytron,,,,,,,0,0,,Replaces,Brain,,,,,,,,,,,,,,,,,,,,
Psychic Human Male,Humanoid,Mammal,Terra,,,,,,,,,,,,,,2,Psychic Human Brain|Regeneration|Energise|Concentration|Relax,,,,,,,,,,,,0,0,,,,,,,,,,,,,,,,,,,,,,,
Psychic Human Female,Humanoid,Mammal,Terra,,,,,,,,,,,,,,2,Psychic Human Brain|Regeneration|Energise|Concentration|Relax|Childbirth|Lactation,,,,,,,,,,,,0,0,,,,,,,,,,,,,,,,,,,,,,,
Psychic Human SheMale,Humanoid,Mammal,Terra,,,,,,,,,,,,,,2,Psychic Human Brain|Regeneration|Energise|Concentration|Relax,,,,,,,,,,,,0,0,,,,,,,,,,,,,,,,,,,,,,,
Psychic Human HeFemale,Humanoid,Mammal,Terra,,,,,,,,,,,,,,2,Psychic Human Brain|Regeneration|Energise|Concentration|Relax|Lactation,,,,,,,,,,,,0,0,,,,,,,,,,,,,,,,,,,,,,,
,,,,,,,,,,,,,,,,,,,,,,,,,,,,,,,,,,,,,,,,,,,,,,,,,,,,,,
cheese_fridge_0001_thought,Thought,Dialogue,,0|0|0|0|0|0,,Question,3500,1,0,0,0,1,0,0,0,0,1,#Food:Fowl#|#Food Fridge#|cheese_fridge_0002_thought|cheese_fridge_0003_thought|cheese_fridge_0004_thought|cheese_fridge_0005_thought,,,,,,,,,,,"Man, your stinky ass cheese had better not be in the fridge again!",0,0,,,,,,,,,,,,,,,,,,,,,,,
cheese_fridge_0001_speak,Speak,Dialogue,,cheese_fridge_0001_thought,,Question,4000,1,0,0,0,1,0,0,0,0,1,,,,,,,,,,,,"You've put your stinky cheese in the fridge again, can you get rid of it?",0,0,,,,,,,,,,,,,,,,,,,,,,,
cheese_fridge_0001_signed,Signed,Dialogue,,cheese_fridge_0001_thought,,Question,4500,1,0,0,0,1,0,0,0,0,1,,,,,,,,,,,,Finger point,0,0,,,,,,,,,,,,,,,,,,,,,,,
cheese_fridge_0001_encrypted,Encrypted,Dialogue,,cheese_fridge_0001_thought,,Question,100,1,0,0,0,1,0,0,0,0,1,,,,,,,,,,,,,0,0,,,,,,,,,,,,,,,,,,,,,,,
,,,,,,,,,,,,,,,,,,,,,,,,,,,,,,,,,,,,,,,,,,,,,,,,,,,,,,
cheese_fridge_0002_thought,Thought,Dialogue,,0|0|0|0|0|1|Sex Tape (Animal Farm),,Statement,3000,1,0,0,0,1,0,0,0,0,1,cheese_fridge_0006_thought,,,,,,,,,,,Throw it out and I'll rub it in your eyes.,0,0,,,,,,,,,,,,,,,,,,,,,,,
cheese_fridge_0002_speak,Speak,Dialogue,,cheese_fridge_0002_thought,,Statement,6000,1,0,0,0,1,0,0,0,0,1,,,,,,,,,,,,"You throw that and I‚Äôll take it out of the garbage, turn your eyes into mouths, and make you choke.",0,0,,,,,,,,,,,,,,,,,,,,,,,
cheese_fridge_0002_signed,Signed,Dialogue,,cheese_fridge_0002_thought,,Statement,1500,1,0,0,0,1,0,0,0,0,1,,,,,,,,,,,,Middle finger,0,0,,,,,,,,,,,,,,,,,,,,,,,
cheese_fridge_0002_encrypted,Encrypted,Dialogue,,cheese_fridge_0002_thought,,Statement,100,1,0,0,0,1,0,0,0,0,1,,,,,,,,,,,,,0,0,,,,,,,,,,,,,,,,,,,,,,,
,,,,,,,,,,,,,,,,,,,,,,,,,,,,,,,,,,,,,,,,,,,,,,,,,,,,,,
cheese_fridge_0003_thought,Thought,Dialogue,,0|0|0|0|0|0,,Statement,1000,1,0,0,0,1,0,0,0,0,1,cheese_fridge_0006_thought,,,,,,,,,,,I'll eat it when I'm ready.,0,0,,,,,,,,,,,,,,,,,,,,,,,
cheese_fridge_0003_speak,Speak,Dialogue,,cheese_fridge_0003_thought,,Statement,1500,1,0,0,0,1,0,0,0,0,1,,,,,,,,,,,,"That cheese can wait, I‚Äôm not hungry yet.",0,0,,,,,,,,,,,,,,,,,,,,,,,
cheese_fridge_0003_signed,Signed,Dialogue,,cheese_fridge_0003_thought,,Statement,500,1,0,0,0,1,0,0,0,0,1,,,,,,,,,,,,Shrug,0,0,,,,,,,,,,,,,,,,,,,,,,,
cheese_fridge_0003_encrypted,Encrypted,Dialogue,,cheese_fridge_0003_thought,,Statement,100,1,0,0,0,1,0,0,0,0,1,,,,,,,,,,,,,0,0,,,,,,,,,,,,,,,,,,,,,,,
,,,,,,,,,,,,,,,,,,,,,,,,,,,,,,,,,,,,,,,,,,,,,,,,,,,,,,
cheese_fridge_0004_thought,Thought,Dialogue,,0|0|0|0|0|0,,Question,3000,1,0,0,0,1,0,0,0,0,1,cheese_fridge_0006_thought,,,,,,,,,,,Its better this cheese than the shit you eat. What about #Food:Fowl#?,0,0,,,,,,,,,,,,,,,,,,,,,,,
cheese_fridge_0004_speak,Speak,Dialogue,,cheese_fridge_0004_thought,,Question,5500,1,0,0,0,1,0,0,0,0,1,,,,,,,,,,,,"Have you seen the crap you put in the fridge, what about these #Food:Fowl# in here?",0,0,,,,,,,,,,,,,,,,,,,,,,,
cheese_fridge_0004_signed,Signed,Dialogue,,cheese_fridge_0004_thought,,Question,7000,1,0,0,0,1,0,0,0,0,1,,,,,,,,,,,,My food what about #Food:Fowl#?,0,0,,,,,,,,,,,,,,,,,,,,,,,
cheese_fridge_0004_encrypted,Encrypted,Dialogue,,cheese_fridge_0004_thought,,Question,100,1,0,0,0,1,0,0,0,0,1,,,,,,,,,,,,,0,0,,,,,,,,,,,,,,,,,,,,,,,
,,,,,,,,,,,,,,,,,,,,,,,,,,,,,,,,,,,,,,,,,,,,,,,,,,,,,,
cheese_fridge_0005_thought,Thought,Dialogue,,0|0|0|0|0|0,,Question,4000,1,0,0,0,1,0,0,0,0,1,cheese_fridge_0006_thought,,,,,,,,,,,Do you know how long it took me to make that?,0,0,,,,,,,,,,,,,,,,,,,,,,,
cheese_fridge_0005_speak,Speak,Dialogue,,cheese_fridge_0005_thought,,Question,3500,1,0,0,0,1,0,0,0,0,1,,,,,,,,,,,,"Rlz, you know I make hipster cheese, it takes for ever!",0,0,,,,,,,,,,,,,,,,,,,,,,,
cheese_fridge_0005_signed,Signed,Dialogue,,cheese_fridge_0005_thought,,Question,6500,1,0,0,0,1,0,0,0,0,1,,,,,,,,,,,,Do you know how long it took me to make that?,0,0,,,,,,,,,,,,,,,,,,,,,,,
cheese_fridge_0005_encrypted,Encrypted,Dialogue,,cheese_fridge_0005_thought,,Question,100,1,0,0,0,1,0,0,0,0,1,,,,,,,,,,,,,0,0,,,,,,,,,,,,,,,,,,,,,,,
,,,,,,,,,,,,,,,,,,,,,,,,,,,,,,,,,,,,,,,,,,,,,,,,,,,,,,
cheese_fridge_0006_thought,Thought,Dialogue,,0|0|0|1|0|0,Trade,Statement,2000,1,0,0,0,1,0,0,0,0,1,,,,,,,,,,,,Pretty out there of you,0,0,,,,,,,,,,,,,,,,,,,,,,,
cheese_fridge_0006_speak,Speak,Dialogue,,cheese_fridge_0006_thought,Trade,Statement,2500,1,0,0,0,1,0,0,0,0,1,,,,,,,,,,,,"Damn stupid savage man, hah",0,0,,,,,,,,,,,,,,,,,,,,,,,
cheese_fridge_0006_signed,Signed,Dialogue,,cheese_fridge_0006_thought,Trade,Statement,3000,1,0,0,0,1,0,0,0,0,1,,,,,,,,,,,,Laughed,0,0,,,,,,,,,,,,,,,,,,,,,,,
cheese_fridge_0006_encrypted,Encrypted,Dialogue,,cheese_fridge_0006_thought,Trade,Statement,100,1,0,0,0,1,0,0,0,0,1,,,,,,,,,,,,,0,0,,,,,,,,,,,,,,,,,,,,,,,
,,,,,,,,,,,,,,,,,,,,,,,,,,,,,,,,,,,,,,,,,,,,,,,,,,,,,,
Gard Brain x226,Vital,Internal,Hungtai Corp,,Concentration,Dexterity:0.5|Willpower:1.1|Intelligence:1.8|Concentration:1.3,,,1.2,,,,,,500,500,1.7,Gard CPU x226 vZeta|Kroller „äå Bionet Link,,,,,,,,,,,Artificial brain for cybernetic recreation and androids.,0,0,,,,,,,,,,,,,,,,,,,,,,,
Gard CPU x226 vZeta,Vital,Internal,Hungtai Corp,,Movement|Manipulation,AI,,,0.2,,,,,,100,100,1.7,Kroller „äå Head mk11,,,,,,,,,,,Cybernetic Processing Unit for android bridges.,0,0,,,,,,,,,,,,,,,,,,,,,,,
Kroller „äå Gen74,Vital,Internal,Hungtai Corp,,Power,Reflex|Endurance|Power,,,28.4,,,,,,2000,2000,1,Kroller „äå Body mk11,,,,,,,,,,,Electricity generator designed for modern cybernetics.,0,0,,,,,,,,,,,,,,,,,,,,,,,
Kroller „äå N-Foam,Vital,Internal,Hungtai Corp,,Regneration,Regneration,,,5,,,,,,2000,2000,1,Kroller „äå Body mk11,,,,,,,,,,,"Cybernetic structure and circuitry repair foam, all in one production and deployment system.",0,0,,,,,,,,,,,,,,,,,,,,,,,
Kroller „äå R-Arm mk11,Limb,Arm,Hungtai Corp,,Articulate,Strength|Endurance,,,16,,,,,,1400,1400,1,Kroller „äå Body mk11|Kroller „äå R-Hand mk11,,,,,,,,,2,Arm Armour,Revealed performance cybernetic arm replacement.,0,0,,,,,,,,,,,,,,,,,,,,,,,
Kroller „äå R-Hand mk11,Hand,Hand,Hungtai Corp,,Manipulation|Impact,Strength|Reflex|Dexterity|Manipulation,,,6,,,,,,600,600,1,Kroller „äå R-Hand mk11,,,,1,Manipulation,,,0.005,6,Ring|Bracelet,Revealed performance cybernetic hand replacement.,0,0,,,,,,,,,,,,,,,,,,,,,,,
Kroller „äå L-Arm mk11,Limb,Arm,Hungtai Corp,,Articulate,Strength|Endurance,,,16,,,,,,1400,1400,1,Kroller „äå Body mk11|Kroller „äå L-Hand mk11,,,,,,,,,2,Arm Armour,Revealed performance cybernetic arm replacement.,0,0,,,,,,,,,,,,,,,,,,,,,,,
Kroller „äå L-Hand mk11,Hand,Hand,Hungtai Corp,,Manipulation|Impact,Strength|Reflex|Dexterity|Manipulation,,,6,,,,,,600,600,1,Kroller „äå L-Arm mk11,,,,1,Manipulation,,,0.005,6,Ring|Bracelet,Revealed performance cybernetic hand replacement.,0,0,,,,,,,,,,,,,,,,,,,,,,,
Kroller „äå R-Leg mk11,Limb,Leg,Hungtai Corp,,Articulate,Strength|Reflex|Endurance|Movement,,,27,,,,,,1600,1600,1,Kroller „äå Pelvis mk11|Kroller „äå R-Foot mk11,,,,,,,,,2,Leg Armour,Revealed performance cybernetic leg replacement.,0,0,,,,,,,,,,,,,,,,,,,,,,,
Kroller „äå R-Foot mk11,Foot,Foot,Hungtai Corp,,Movement|Impact,Strength|Reflex|Movement,,,11.5,,,,,,700,700,1,Kroller „äå R-Leg mk11,,,,,,,,,1,Footwear,Revealed performance cybernetic foot replacement.,0,0,,,,,,,,,,,,,,,,,,,,,,,
Kroller „äå L-Leg mk11,Limb,Leg,Hungtai Corp,,Articulate,Strength|Reflex|Endurance|Movement,,,27,,,,,,1600,1600,1,Kroller „äå Pelvis mk11|Kroller „äå L-Leg mk11,,,,,,,,,2,Leg Armour,Revealed performance cybernetic leg replacement.,0,0,,,,,,,,,,,,,,,,,,,,,,,
Kroller „äå L-Foot mk11,Foot,Foot,Hungtai Corp,,Movement|Impact,Strength|Reflex|Movement,,,11.5,,,,,,700,700,1,Kroller „äå L-Leg mk11,,,,,,,,,1,Footwear,Revealed performance cybernetic foot replacement.,0,0,,,,,,,,,,,,,,,,,,,,,,,
Kroller „äå Head mk11,Mass,Head,Hungtai Corp,,Mass,Looks|Charm,,,18.2,,,,,,1800,1800,1,Gard CPU x226 vZeta|Kroller „äå R-Eye mk7d|Kroller „äå L-Eye mk8a|Kroller „äå R-Ear mk4|Kroller „äå L-Ear mk4|Kroller „äå Nose mk5|Kroller „äå Mouth mk11c|Kroller „äå Body mk11,,,,,,,,0.005,1,Necklace,Revealed performance cybernetic head replacement.,0,0,,,,,,,,,,,,,,,,,,,,,,,
Kroller „äå Body mk11,Mass,Torso Upper,Hungtai Corp,,Mass,Metabolism|Endurance,,,45.6,,,,,,1600,1600,1,Kroller „äå Head mk11|Kroller „äå Pelvis mk11|Kroller „äå R-Arm mk11|Kroller „äå L-Arm mk11|Kroller „äå Gen74|Kroller „äå N-Foam,,,,,,,,0.1,3,Torso Upper,Revealed performance cybernetic body replacement.,0,0,,,,,,,,,,,,,,,,,,,,,,,
Kroller „äå Pelvis mk11,Mass,Torso Lower,Hungtai Corp,,Mass,Metabolism|Endurance,,,31,,,,,,1200,1200,1,Kroller „äå Body mk11|Kroller „äå Body mk11|Kroller „äå Body mk11,,,,,,,,,2,Pants|Cup,Revealed performance cybernetic pelvis replacement.,0,0,,,,,,,,,,,,,,,,,,,,,,,
Kroller „äå R-Ear mk4,Sensor,Ear,Hungtai Corp,,Hear,Reflex|Hear,,,,,,,,,50,50,1.7,Kroller „äå Head mk11,,,,,,,,0.002,1,Ear Ring,Cybernetic audio and radio sensor array.,0,0,,,,,,,,,,,,,,,,,,,,,,,
Kroller „äå L-Ear mk4,Sensor,Ear,Hungtai Corp,,Hear,Reflex|Hear,,,,,,,,,50,50,1.7,Kroller „äå Head mk11,,,,,,,,0.002,1,Ear Ring,Cybernetic audio and radio sensor array.,0,0,,,,,,,,,,,,,,,,,,,,,,,
Kroller „äå R-Eye mk7d,Sensor,Eye,Hungtai Corp,,See,Reflex|See,,,,,,,,,50,50,1.7,Kroller „äå Head mk11,,,,,,,,,,,Visual processing cybernetic implant.,0,0,,,,,,,,,,,,,,,,,,,,,,,
Kroller „äå L-Eye mk8a,Sensor,Eye,Hungtai Corp,,See,Reflex|See,,,,,,,,,50,50,1.7,Kroller „äå Head mk11,,,,,,,,,,,High frequency photon processing cybernetic implant.,0,0,,,,,,,,,,,,,,,,,,,,,,,
Kroller „äå Bionet Link,Sensor,Internal,Hungtai Corp,,Data,Information|Modem,,,,,,,,,50,50,1.7,Gard Brain x226,,,,,,,,,,,Cloud uplink.,0,0,,,,,,,,,,,,,,,,,,,,,,,
Kroller „äå Mouth mk11c,Sensor,Mouth,Hungtai Corp,,Speak,Speak,,,,,,,,,50,50,1.7,Kroller „äå Head mk11,,,,,,,,,,,Cybernetic mouth and jaw replacement.,0,0,,,,,,,,,,,,,,,,,,,,,,,
Kroller „äå Nose mk5,Sensor,Nose,Hungtai Corp,,Smell,Smell,,,,,,,,,50,50,1.7,Kroller „äå Head mk11,,,,,,,,,,,Olfactory and chemical sensor array.,0,0,,,,,,,,,,,,,,,,,,,,,,,
,,,,,,,,,,,,,,,,,,,,,,,,,,,,,,,,,,,,,,,,,,,,,,,,,,,,,,
Kroller „äå N-Foam Regeneration,,Affect,,,,Health,,,,,,,,,1,1,1,,,,,,,,,,,,,0,0,,Strength,-0.1,Endurance,-0.1,Health,1,,,,,,,,,,,,,,,,
Kroller „äå Gen74 Energise,,Affect,,,,Energise,,,,,,,,,1,1,1,,,,,,,,,,,,,0,0,,Dexterity,-0.1,Belief,-0.1,Energy,100,,,,,,,,,,,,,,,,
,,,,,,,,,,,,,,,,,,,,,,,,,,,,,,,,,,,,,,,,,,,,,,,,,,,,,,
Kroller „äå Opula,Humanoid,Android,Hungtai Corp,,,,,,,,,,,,,,2,Gard Brain x226|Kroller „äå N-Foam Regeneration|Kroller „äå Gen74 Energise|Concentration|Relax,,,,,,,,,,,Mid range production android for common application in todays society.,0,0,,,,,,,,,,,,,,,,,,,,,,,
